discovery_label,replication_label,profile_correlation,profile_euclidean_distance
0,3,0.8609564831250189,0.1205295677022768
1,1,0.9094712911017212,0.2082808329091398
2,1,0.7142386072111429,0.2081801008272651
